C1mean,C2meaninC1ROI,C2meaninC2ROI,C1StdDev,C2StdDev,WT.or.LOF.or.Auxin
356104.644,353635.468,359824.299,2675.532,3334.484,Auxin
353689.018,351418.864,357246.595,983.396,1210.189,Auxin
353668.15,352498.281,356799.083,977.42,1037.447,Auxin
354771.074,351530.472,356667.481,1729.814,979.724,Auxin
353540.875,351011.631,358564.469,781.396,2349.94,Auxin
354605.321,351837.406,356091.859,1633.073,413.06,Auxin
354001.133,351955.429,355945.664,1284.654,365.95,Auxin
352458.706,357408.298,359436.368,96.363,2976.883,Auxin
353089.4,352789.188,356179.893,482.855,620.997,Auxin
352383.424,350355.868,361811.579,53.106,5157.875,Auxin
353294.277,351499.614,364240.897,919.154,7040.244,Auxin
353585.382,351530.885,362913.867,886.33,5766.455,Auxin
353081.24,353419.031,355998.988,498.933,384.249,Auxin
352352.492,350766.598,358975.091,27.92,2522.218,Auxin
353654.295,353353.636,359182.455,1094.416,2922.931,Auxin
352795.216,353056.526,357059.477,333.782,1111.008,Auxin
NA,NA,359457.511,NA,2879.771,Auxin
NA,NA,360885.361,NA,3987.957,Auxin
NA,NA,355618.729,NA,206.724,Auxin
357724.517,354706.528,365460.072,3811.345,6693.64,Auxin
354249.648,350520.455,363031.089,715.758,4627.902,Auxin
358732.26,352088.451,359435.524,4002.207,1564.129,Auxin
355507.32,353932.014,361787.482,1368.82,3393.759,Auxin
355207.811,352075.551,360196.212,1328.099,2151.82,Auxin
355270.282,351366.556,357875.472,1413.769,640.17,Auxin
354733.395,350800.447,363875.314,1087.54,4954.201,Auxin
353448.176,350610.246,364292.106,194.633,5412.544,Auxin
354418.735,353657.972,359188.836,814.231,1500.317,Auxin
354185.958,350537.235,361000.737,736.491,2820.77,Auxin
354599.727,354300.35,358592.984,990.454,1282.898,Auxin
355323.63,354168.489,361600.05,1520.339,3125.138,Auxin
355590.688,355754.638,366188.961,1775.572,6199.769,Auxin
354892.445,353440.452,356937.156,1537.161,0,Auxin
354524.063,358691.542,357845.258,973.155,460.644,Auxin
353356.741,350478.297,365094.184,132.623,5969.036,Auxin
354492.503,351302.304,362951.984,897.182,4544.195,Auxin
354079.303,351423.852,NA,659.388,NA,Auxin
353867.464,351576.486,NA,456.554,NA,Auxin
353610.601,350665.598,NA,310.801,NA,Auxin
353424.38,353285.578,NA,170.23,NA,Auxin
353341.835,353687.909,NA,164.909,NA,Auxin
360952.408,353046.521,356735.008,4692.906,479.079,Auxin
361786.894,355785.385,356240,5133.242,33.013,Auxin
356300.404,353771.89,361236.857,1196.219,3401.301,Auxin
356554.526,352381.771,358997.355,1166.341,1752.302,Auxin
360182.374,353663.689,358744.399,3829.065,1774.44,Auxin
357025.505,352711.692,367455.548,1371.431,9388.599,Auxin
358383.473,354213.17,361347.362,2822.641,4373.194,Auxin
357414.614,352887.775,359110.774,1706.391,1880.083,Auxin
354774.766,353393.594,359165.637,22.959,2420.638,Auxin
356065.146,357926.767,359492.691,788.691,2238.047,Auxin
358875.581,354623.053,360575.443,3119.502,2842.56,Auxin
356025.877,352495.835,363819.513,763.524,5920.112,Auxin
356276.214,352825.386,358963.331,1107.935,1719.942,Auxin
356383.537,352584.769,361543.348,1062.228,3987.498,Auxin
356348.041,354134.658,359868.204,1037.185,2460.041,Auxin
NA,NA,359612.151,NA,2185.959,Auxin
352673.279,350431.457,356982.525,489.197,2123.807,Auxin
352907.856,352231.907,357394.884,625.072,2542.219,Auxin
353814.892,352326.625,357944.523,1367.24,2966.683,Auxin
353947.951,350635.377,357122.12,1583.982,2279.521,Auxin
353692.205,351437.977,354423.75,1199.325,203.392,Auxin
352469.639,350553.65,355517.373,316.87,993.044,Auxin
354155.554,351731.161,359202.31,1669.474,4168.544,Auxin
354154.751,351745.126,355326.927,1656.831,967.697,Auxin
353736.751,351168.24,356094.003,1323.212,1396.68,Auxin
353839.545,351548.621,359219.53,1477.8,3966.804,Auxin
352582.413,355067.271,NA,408.827,NA,Auxin
353158.742,351452.591,NA,808.223,NA,Auxin
353177.565,350663.406,NA,821.251,NA,Auxin
357455.605,352102.096,366891.403,3306.891,11098.778,Auxin
355224.003,350744.812,360996.721,1108.309,3238.438,Auxin
355880.467,353596.291,361489.534,1569.632,3521.148,Auxin
355362.072,350884.021,360902.952,1433.808,2950.048,Auxin
355132.004,350984.383,364879.369,1064.66,6547.028,Auxin
357573.285,353341.394,362446.887,2459.638,4232.595,Auxin
358602.492,353675.093,361426.747,3526.216,3254.704,Auxin
357195.428,353033.825,363406.698,2926.153,5509.155,Auxin
356466.197,353370.3,361557.669,2026.113,3350.809,Auxin
355780.458,358591.152,361527.543,1554.659,3687.324,Auxin
353776.781,350530.728,363775.903,125.043,5779.946,Auxin
356246.223,354423.347,361851.086,1941.24,3524.128,Auxin
355288.286,351033.716,360092.387,1133.688,2373.091,Auxin
355683.851,353467.914,NA,1382.937,NA,Auxin
356572.431,354505.118,NA,2248.833,NA,Auxin
356288.197,354856.989,NA,1941.062,NA,Auxin
354399.285,352440.751,NA,510.678,NA,Auxin
354042.756,350693.874,NA,284.119,NA,Auxin
354042.519,355633.363,NA,279.754,NA,Auxin
356425.845,352672.765,355937.681,2523.696,407.211,Auxin
354948.353,352851.76,355205.438,1792.385,0,Auxin
356014.075,353008.026,357701.707,2253.066,1621.926,Auxin
354586.757,353470.004,358700.94,1293.937,2335.991,Auxin
352774.42,350505.286,361286.18,67.113,4504.266,Auxin
354133.901,352257.132,360395.629,936.326,3645.302,Auxin
354515.579,352668.961,362428.014,1185.798,5567.556,Auxin
353982.373,352089.073,358959.181,864.317,2812.004,Auxin
354347.749,353051.181,358756.827,1019.518,2555.075,Auxin
353954.702,351863.056,356317.615,1050.525,771.661,Auxin
354355.05,351368.37,355428.898,1125.19,101.927,Auxin
354108.943,351611.681,360497.504,1000.167,3857.541,Auxin
352696.542,352402.094,355841.691,9.653,500.064,Auxin
354234.079,354022.604,357386.754,1050.604,1576.84,Auxin
355443.53,354205.188,356389.207,2071.914,643.73,Auxin
354103.192,351994.279,358254.456,954.716,2140.253,Auxin
353049.795,352349.676,362114.116,253.124,5322.5,Auxin
354482.695,351560.585,357024.244,1184.052,1336.431,Auxin
353493.157,352718.554,NA,651.578,NA,Auxin
361408.762,353910.755,360178.159,4889.721,1532.881,Auxin
355972.78,357228.24,362354.676,600.783,3276.891,Auxin
358736.079,354045.235,363377.923,2533.204,3886.793,Auxin
361172.599,356386.223,369059.755,4817.239,9272.812,Auxin
359664.491,358651.278,362006.962,3538.138,2984.34,Auxin
360153.779,354439.517,370018.676,4084.377,9193.774,Auxin
360191.181,357979.469,363078.839,4138.936,3710.171,Auxin
357835.662,354601.027,361848.933,1857.146,2715.358,Auxin
361573.257,356178.221,359378.719,4904.27,1052.796,Auxin
356271.627,355741.292,358239.219,938.153,280.14,Auxin
358068.393,356056.695,366107.864,2282.981,6147.986,Auxin
356775.07,351276.124,363715.794,1037.885,4267.932,Auxin
357278.726,353124.682,364109.584,1474.516,4650.36,Auxin
357145.407,353252.843,364983.428,1506.791,4572.426,Auxin
358304.155,355419.238,364295.685,2353.114,5168.906,Auxin
354972.844,351473.656,366486.004,30.892,6631.006,Auxin
354957.594,350905,361411.53,14.805,2300.497,Auxin
355779.887,352104.593,363191.915,533.494,3956.633,Auxin
356305.568,355840.254,365727.356,755.504,5475.941,Auxin
357289.376,353477.983,359734.965,1593.508,1127.809,Auxin
353480.369,350582.698,358794.742,286.926,1402.51,Auxin
356092.939,355618.771,357430.691,2462.61,380.196,Auxin
356365.658,357029.429,361020.662,2305.672,3114.352,Auxin
355976.346,352708.157,367286.809,2064.896,8589.606,Auxin
355106.15,355476.923,363473.34,1384.034,4790.842,Auxin
354618.651,352409.262,358174.226,1082.913,683.661,Auxin
355088.419,355825.907,358260.727,1522.239,800.071,Auxin
355731.338,352950.862,357630.966,1755.095,491.674,Auxin
357206.556,355350.995,363697.022,2749.643,4791.509,Auxin
354208.467,355469.166,360468.065,806.526,2675.677,Auxin
353674.355,354743.931,363307.309,415.413,4768.032,Auxin
354078.943,353331.11,364410.483,786.815,5402.796,Auxin
353931.181,353623.985,360441.659,622.179,2381.239,Auxin
354001.589,357831.673,361147.217,620.378,2927.799,Auxin
353319.688,351761.711,360400.353,197.073,2425.074,Auxin
356309.543,352427.587,356606.641,1828.276,639.291,Auxin
356566.699,353715.324,355925.453,2196.446,130.218,Auxin
356205.341,352357.991,359709.531,1669.499,2786.653,Auxin
353218.927,350531.604,360642.805,7.126,3383.828,Auxin
356143.312,352857.751,357947.969,1860.787,1499.323,Auxin
354168.015,352792.393,358264.595,646.049,2051.304,Auxin
355844.981,353302.985,361237.273,1717.327,4460.292,Auxin
355290.669,354662.43,359055.502,1454.166,2380.294,Auxin
353494.892,352240.973,363175.124,213.536,5516.808,Auxin
354328.258,354756.831,361405.56,805.386,4368.265,Auxin
355209.353,354034.157,357335.705,1341.665,1058.348,Auxin
NA,NA,362335.878,NA,4864.061,Auxin
NA,NA,358558.859,NA,1744.115,Auxin
358504.191,352847.868,360212.526,2634.274,2112.019,Auxin
358899.333,354407.17,358114.819,2757.112,911.933,Auxin
360167.235,353070.332,360217.519,3227.874,2118.515,Auxin
361185.29,354752.143,359196.176,4479.875,1491.69,Auxin
360573.785,355899.945,364294.454,3894.657,5794.353,Auxin
359638.237,353782.613,356987.906,3121.384,117.658,Auxin
358290.691,352260.33,362674.412,2008.868,3897.483,Auxin
359291.252,354221.899,358538.144,3188.979,1195.768,Auxin
355351.287,350723.054,366894.816,207.174,8258.822,Auxin
355011.344,350878.99,361806.291,42.586,3028.569,Auxin
355837.167,351452.302,357710.025,483.814,577.08,Auxin
356289.73,350959.311,361774.578,815.028,3395.417,Auxin
357443.106,357621.412,364355.171,1745.115,5723.248,Auxin
356615.339,358282.949,365227.694,981.651,5839.892,Auxin
NA,NA,364280.961,NA,5066.537,Auxin
NA,NA,361000.871,NA,2741.98,Auxin
353939.884,350927.425,355478.004,80.132,621.909,Auxin
358830.467,351308.508,357291.242,3594.276,1908.042,Auxin
357362.86,351686.075,357112.607,2750.612,1945.976,Auxin
356345.515,351854.148,355287.55,1711.207,485.429,Auxin
355170.921,352251.441,355815.356,901.217,1014.013,Auxin
354932.75,350936.644,356589.206,688.261,1548.103,Auxin
358854.371,353063.034,356575.769,3478.665,1683.902,Auxin
355812.091,353063.449,355421.223,1477.59,595.566,Auxin
356762.135,354648.779,355764.208,2126.256,845.558,Auxin
355851.11,351014.101,359526.005,1447.957,3397.75,Auxin
354553.207,352327.181,356491.433,475.1,1366.606,Auxin
354173.062,350438.834,356214.906,242.733,1271.943,Auxin
356372.886,353155.133,359531.61,1686.51,4018.029,Auxin
353838.438,354230.469,356999.46,20.594,1826.365,Auxin
353847.898,350470.43,358147.992,26.2,2943.627,Auxin
356091.228,354251.193,361714.403,1452.715,5951.977,Auxin
354502.351,352855.383,NA,397.005,NA,Auxin
354034.884,355136.781,356521.332,63.113,1543.594,Auxin
356656.579,352149.633,358685.02,1860.054,3138.577,Auxin
358304.32,352371.057,355104.354,2963.901,525.045,Auxin
357043.18,352467.653,356630.046,2010.847,1524.89,Auxin
357902.248,352340.613,358480.776,3240.654,3082.14,Auxin
357126.935,351504.698,359315.055,2681.575,4007.678,Auxin
356469.494,353776.936,358901.413,1910.072,3366.697,Auxin
355368.905,351085.049,358695.117,1008.198,3435.326,Auxin
356205.007,351095.032,356791.814,1516.327,1515.978,Auxin
354179.656,351676.474,359283.463,198.634,3207.426,Auxin
357888.099,353559.858,356069.753,2694.987,1116.638,Auxin
355986.565,354045.991,355222.04,1390.899,476.578,Auxin
355869.113,352293.362,358187.477,1370.457,2695.736,Auxin
353924.177,352003.031,NA,32.882,NA,Auxin
354122.625,350370.835,355655.034,963.11,1239.85,Wildtype
354986.057,353593.696,358646.096,1543.106,3557.839,Wildtype
355222.887,352065.981,356961.093,1770.344,2045.502,Wildtype
354458.23,352434.663,355377.851,1289.829,1076.24,Wildtype
355352.439,352243.864,357534.99,2321.833,2888.902,Wildtype
354391.56,352053.823,356299.432,1218.309,1724.755,Wildtype
352839.796,351913.64,354803.156,71.68,727.635,Wildtype
354562.455,351003.901,355211.561,1199.71,940.718,Wildtype
354670.445,353296.894,356851.523,1348.972,2074.605,Wildtype
354731.203,351205.201,358524.61,1432.333,3407.52,Wildtype
355029.653,351786.744,354312.349,1578.259,318.155,Wildtype
355205.771,351406.629,359087.66,1979.075,3918.46,Wildtype
354453.927,352158.387,355874.623,1316.661,1495.729,Wildtype
355799.993,351697.683,354601.542,2337.196,403.592,Wildtype
356308.336,351275.393,357311.557,2605.008,2623.076,Wildtype
355041.147,351427.857,357332.356,1593.529,2370.996,Wildtype
353326.013,352852.701,355579.229,368.96,1198.314,Wildtype
352812.382,350366.101,353954.479,102.263,154.674,Wildtype
355451.271,352850.797,358186.975,2066.983,3196.788,Wildtype
354025.285,352804.653,NA,1183.633,NA,Wildtype
355248.83,350842.614,359336.43,1848.399,4531.539,Wildtype
357209.335,352509.365,355246.542,3098.866,566.055,Wildtype
356913.555,351917.708,356398.408,2680.703,1545.066,Wildtype
354187.465,352648.705,357274.214,644.423,2177.427,Wildtype
356635.38,352367.312,357581.576,2387.443,2437.894,Wildtype
356847.03,352293.036,356997.725,2930.566,1881.09,Wildtype
354151.555,351708.37,357911.395,567.03,2726.944,Wildtype
353814.364,350782.721,356681.708,261.526,1641.709,Wildtype
353796.968,353653.944,354669.71,310.973,237.377,Wildtype
355666.151,350502.942,358374.652,1629.517,2998.682,Wildtype
354991.891,350754.173,357505.024,1192.763,2297.74,Wildtype
354392.431,351568.158,356746.663,752.163,1386.47,Wildtype
354129.2,354461.258,360371.625,449.733,4483.978,Wildtype
354160.06,356715.875,359280.168,571.633,3837.255,Wildtype
353398.672,351713.781,356213.455,106.663,1472.986,Wildtype
353348.938,350377.729,357232.319,22.743,2222.41,Wildtype
353376.344,350561.062,NA,39.158,NA,Wildtype
353559.526,350405.971,NA,168.004,NA,Wildtype
354589.796,350738.352,NA,827.08,NA,Wildtype
353395.388,354695.433,NA,57.597,NA,Wildtype
353414.384,358298.429,NA,54.666,NA,Wildtype
354363.03,351723.398,357051.128,1941.022,2756.809,Wildtype
353718.448,351728.416,356769.284,1377.159,2447.74,Wildtype
353318.529,351822.5,356021.836,1057.955,1872.416,Wildtype
353542.078,353258.82,353623.912,1288.488,77.736,Wildtype
353170.192,352254.279,355523.683,1106.561,1388.493,Wildtype
352180.854,350740.282,356712.498,207.184,2365.187,Wildtype
353174.903,351259.559,354848.321,822.877,923.871,Wildtype
352918.843,352135.826,354580.796,916.471,707.438,Wildtype
353356.352,351407.664,353780.365,937.212,109.472,Wildtype
352786.566,350939.545,353654.125,647.967,109.487,Wildtype
353042.111,351823.233,359228.309,837.996,4441.716,Wildtype
NA,NA,356404.231,NA,2145.073,Wildtype
351848.37,351184.82,361853.039,769.894,4881.971,Wildtype
351674.374,351930.43,356521.906,602.773,614.848,Wildtype
351570.4,352859.871,362561.861,466.493,5674.433,Wildtype
351134.012,351036.439,359860.254,183.842,2886.542,Wildtype
351109.021,351360.631,361267.338,167.853,3822.419,Wildtype
351398.069,351644.645,357813.031,366.516,1593.834,Wildtype
351459.286,354188.741,360805.554,438.119,4006.549,Wildtype
351697.622,351972.787,361428.549,571.765,4210.875,Wildtype
351557.483,354334.426,356442.369,500.906,570.668,Wildtype
NA,NA,358883.206,NA,2419.44,Wildtype
359096.725,351134.478,366618.609,3089.778,6538.915,Wildtype
357127.603,351375.077,358544.391,1672.526,96.498,Wildtype
360697.67,355160.342,367004.286,3820.95,5890.701,Wildtype
359971.152,352321.74,366719.944,2932.748,6325.109,Wildtype
356067.25,351369.07,358512.354,827.22,135.445,Wildtype
355299.434,350770.002,363371.483,352.927,3582.929,Wildtype
357439.743,351795.384,366985.965,2299.846,6359.427,Wildtype
358729.868,352072.897,368188.774,2636.806,6932.337,Wildtype
354903.828,350892.266,364948.475,13.325,3957.635,Wildtype
360490.297,355542.622,360356.183,4499.101,1608.663,Wildtype
358142.135,354196.35,358415.188,2233.831,0,Wildtype
359146.826,356189.218,NA,3095.03,NA,Wildtype
358210.169,352381.734,NA,2869.58,NA,Wildtype
359045.757,360061.141,NA,2531.934,NA,Wildtype
355760.588,352987.184,NA,552.3,NA,Wildtype
354982,352051.54,NA,148.895,NA,Wildtype
356795.047,354362.756,366165.761,2173.252,8615.265,Wildtype
355904.413,353845.098,360563.67,1643.706,3027.015,Wildtype
354685.884,350544.838,362112.546,528.015,4351.858,Wildtype
358603.25,353770.32,361677.973,2979.201,4152.69,Wildtype
354798.078,350497.683,358500.98,678.229,1678.623,Wildtype
357447.312,353950.929,359726.927,2442.074,2588.397,Wildtype
358708.93,353640.194,359260.445,3380.936,2247.048,Wildtype
356844.987,351973.775,362430.055,1955.052,4625.492,Wildtype
356180.925,351388.291,362821.043,1543.835,4829.894,Wildtype
355411.038,352403.817,362527.112,1321.082,4013.291,Wildtype
354262.303,353770.466,361621.979,269.982,3748.207,Wildtype
354227.919,350432.505,NA,299.257,NA,Wildtype
352518.428,351220.637,353379.975,989.854,414.036,Wildtype
353121.224,351439.895,353341.108,1442.966,448.322,Wildtype
352080.424,352228.609,353867.574,666.375,779.761,Wildtype
351965.644,351188.234,357317.257,431.382,3783.282,Wildtype
352653.097,351553.128,355469.919,1047.977,2038.91,Wildtype
352027.306,350997.734,353133.887,530.806,296.033,Wildtype
352455.771,351712.532,353092.767,847.911,246.552,Wildtype
352767.693,350627.202,354184.973,892.07,1004.581,Wildtype
351425.301,351795.043,353500.562,28.369,508.616,Wildtype
352507.487,350986.825,355140.461,860.935,1673.165,Wildtype
352466.211,351538.941,355393.262,741.455,1946.309,Wildtype
352080.422,350642.659,353154.73,630.303,258.852,Wildtype
351433.094,350220.135,354050.257,35.142,941.647,Wildtype
351639.135,351363.015,355709.395,156.145,2318.62,Wildtype
352536.147,350367.504,356384.641,878.573,3153.053,Wildtype
352294.558,351932.68,356086.987,772.573,2428.317,Wildtype
NA,NA,355545.187,NA,2099.323,Wildtype
NA,NA,352954.384,NA,173.46,Wildtype
355148.801,353511.005,357943.835,1624.534,1876.319,Wildtype
355211.562,352651.686,361656.515,2044.289,5085.882,Wildtype
355765.642,351700.08,357323.75,2148.185,1587.774,Wildtype
354410.915,351439.711,361432.529,1416.381,4831.938,Wildtype
355353.567,351802.658,360316.267,1756.672,4009.681,Wildtype
355365.228,350542.118,360094.99,1947.294,3822.105,Wildtype
356027.917,353720.908,359066.576,2202.301,2785.003,Wildtype
352755.198,350359.917,357214.784,20.329,1556.945,Wildtype
353249.17,352062.513,356813.731,331.298,1250.087,Wildtype
353147.625,351552.726,358156.424,298.05,2203.099,Wildtype
354805.109,352904.63,356233.974,1844.544,511.088,Wildtype
353798.377,351899.935,356223.919,1050.836,420.171,Wildtype
352390.107,351748.706,356599.478,145.016,639.917,Wildtype
354566.921,352005.626,357127.175,1734.703,1114.933,Wildtype
352496.81,350997.974,355758.263,209.355,316.042,Wildtype
352644.671,353028.381,360190.677,296.098,3625.883,Wildtype
353279.167,354011.161,356982.778,739.654,918.633,Wildtype
352395.97,351290.516,358227.365,171.006,1883.649,Wildtype
354727.44,353455.854,359506.062,1796.36,2849.009,Wildtype
352828.973,352582.35,360220.488,417.793,3431.41,Wildtype
353986.103,353634,361091.5,1354.17,4144.163,Wildtype
352252.268,350376.717,357484.287,57.269,1247.555,Wildtype
354101.112,354967.046,363414.223,1474.921,5756.48,Wildtype
352944.821,353183.076,362383.201,521.701,5418.503,Wildtype
352488.541,353511.761,NA,168.879,NA,Wildtype
352459.732,354215.252,NA,226.157,NA,Wildtype
353539.372,352204.595,NA,1009.357,NA,Wildtype
353629.599,351295.568,NA,980.485,NA,Wildtype
353133.476,354527.831,NA,648.785,NA,Wildtype
352303.2,350394.3,NA,63.511,NA,Wildtype
352230.272,355375.839,NA,39.678,NA,Wildtype
352296.84,350830.087,NA,91.231,NA,Wildtype
352268.903,358487.709,NA,63.551,NA,Wildtype
355770.022,352874.998,360543.975,2415.835,4328.723,Wildtype
354519.663,352436.879,358598.372,1432.992,2687.218,Wildtype
352813.022,350471.333,354962.812,254.651,0,Wildtype
354357.483,352024.194,357696.352,1337.076,1860.624,Wildtype
353837.373,356378.877,356639.529,1055.224,1247.844,Wildtype
352859.627,352449.802,360391.392,262.369,3762.104,Wildtype
352545.191,350429.91,355952.622,89.502,778.186,Wildtype
354471.154,351647.741,360687.117,1359.339,4233.758,Wildtype
354061.383,352984.327,356653.302,1298.802,1287.049,Wildtype
354490.006,352060.794,360560.568,1376.348,4393.21,Wildtype
352752.859,351197.407,355046.164,237.805,80.133,Wildtype
353432.576,355048.118,357777.51,662.045,1950.109,Wildtype
353746.235,351180.766,NA,911.025,NA,Wildtype
352440.069,350983.925,NA,42.702,NA,Wildtype
353299.91,351252.896,NA,605.751,NA,Wildtype
352891.657,354465.69,NA,325.956,NA,Wildtype
353706.811,350831.739,NA,940.924,NA,Wildtype
357376.207,354635.367,363838.327,2840.51,4907.635,Wildtype
357937.074,356432.124,364518.282,2561.201,6189.565,Wildtype
358922.139,352618.649,360045.52,3103.491,2263.033,Wildtype
355416.514,354123.981,361455.222,754.438,3497.025,Wildtype
356990.493,352343.016,362445.925,2013.423,4256.209,Wildtype
357278.299,355726.52,358266.286,2235.327,920.464,Wildtype
356885.819,353672.558,363165.75,1931.356,4900.143,Wildtype
358813.634,354553.318,362501.79,3328.603,4485.558,Wildtype
355328.202,350730.151,NA,781.617,NA,Wildtype
352911.797,352717.702,355859.29,1034.317,1125.406,Wildtype
353392.606,351925.244,356978.182,1311.749,2032.886,Wildtype
351740.22,350294.418,355058.599,136.586,639.093,Wildtype
352682.189,352951.485,356736.247,825.806,1688.557,Wildtype
353199.965,353624.159,355288.74,1307.523,701.963,Wildtype
352713.094,351749.723,355987.052,770.974,1150.899,Wildtype
351889.498,354304.826,355642.478,243.606,951.212,Wildtype
352479.289,353686.465,359702.834,737.544,4443.422,Wildtype
352699.696,351862.775,359309.854,802.282,4136.55,Wildtype
352376.646,352435.524,355177.806,568.188,524.248,Wildtype
352304.658,350311.546,359546.064,582.859,3988.016,Wildtype
352072.476,352767.161,355309.152,382.553,672.517,Wildtype
352452.63,351810.161,356783.415,663.726,1733.39,Wildtype
351825.192,352209.244,362551.999,180.14,7237.777,Wildtype
353487.716,350978.693,357511.028,1361.617,2362.923,Wildtype
353003.139,353100.95,357542.482,1207.399,2320.551,Wildtype
352020.934,352421.421,356554.871,365.571,1734.751,Wildtype
351886.493,352119.744,356342.97,226.928,1544.63,Wildtype
NA,NA,357281.656,NA,1973.385,Wildtype
352088.44,350935.339,351831.211,745.923,24.274,Wildtype
352369.105,350583.485,352330.351,1113.319,342.666,Wildtype
351043.173,350239.554,352705.844,59.937,728.885,Wildtype
351478.397,350915.82,352652.759,406.518,604.614,Wildtype
351378.415,351060.246,353497.894,316.831,1375.231,Wildtype
351761.944,351109.307,352300.51,570.544,384.604,Wildtype
351723.812,351118.916,353274.565,551.402,1075.248,Wildtype
351778.343,351015.269,353049.688,576.904,900.445,Wildtype
351680.637,350879.26,352938.92,465.704,842.959,Wildtype
351276.692,351459.104,352925.974,230.462,806.899,Wildtype
351268.054,351934.117,352277.367,208.294,372.378,Wildtype
351679.591,351743.319,352700.025,512.33,658.798,Wildtype
351418.108,352146.728,353116.176,314.17,1083.361,Wildtype
351932.841,351619.95,354616.335,721.03,2465.845,Wildtype
351522.236,351339.079,353514.136,371.138,1333.087,Wildtype
351528.069,350276.232,352556.93,398.022,482.507,Wildtype
351374.18,351084.493,352303.003,320.553,354.55,Wildtype
351977.785,351523.961,353863.832,861.689,1665.256,Wildtype
NA,NA,353091.379,NA,1007.066,Wildtype
NA,NA,353368.731,NA,1194.56,Wildtype
NA,NA,352967.834,NA,854.098,Wildtype
353062.062,352654.085,360328.701,730.174,2488.543,Wildtype
352799.44,353024.371,358899.695,503.871,1464.93,Wildtype
355171.958,354233.396,360364.604,2563.178,2549.103,Wildtype
353929.073,350511.478,360469.102,1377.222,2297.963,Wildtype
353176.935,351671.71,357828.117,734.728,866.525,Wildtype
352460.588,350893.316,364023.823,300.84,5200.795,Wildtype
354001.196,352210.873,357762.366,1338.253,640.424,Wildtype
353077.398,352661.077,358934.78,656.716,1519.176,Wildtype
352744.284,351242.318,365706.315,435.228,6580.354,Wildtype
353184.456,353915.145,358527.447,774.309,1265.127,Wildtype
354438.606,354961.085,360814.354,1605.02,2944.394,Wildtype
353759.627,353610.822,360872.73,1164.302,2781.472,Wildtype
352848.516,358706.253,363204.783,485.525,4493.604,Wildtype
NA,NA,367731.716,NA,8899.85,Wildtype
NA,NA,363469.286,NA,4990.684,Wildtype
NA,NA,359970.586,NA,1974.982,Wildtype
NA,NA,359675.132,NA,2148.462,Wildtype
352804.724,NA,350238.435,NA,NA,Loss of function
352633.905,NA,350210.148,NA,NA,Loss of function
353357.808,NA,350114.188,NA,NA,Loss of function
351431.047,NA,350248.973,NA,NA,Loss of function
352096.571,NA,350115.242,NA,NA,Loss of function
351408.479,NA,350142.709,NA,NA,Loss of function
351339.589,NA,350196.578,NA,NA,Loss of function
351395.956,NA,350152.694,NA,NA,Loss of function
351106.839,NA,350192.525,NA,NA,Loss of function
351460.116,NA,350292.308,NA,NA,Loss of function
352050.066,NA,350235.133,NA,NA,Loss of function
351480.087,NA,350182.826,NA,NA,Loss of function
351112.4,NA,350210.206,NA,NA,Loss of function
351304.154,NA,350194.814,NA,NA,Loss of function
351489.755,NA,350160.728,NA,NA,Loss of function
351512.338,NA,350150.734,NA,NA,Loss of function
351692.137,NA,350144.125,NA,NA,Loss of function
351201.204,NA,350258.484,NA,NA,Loss of function
351518.321,NA,350148.781,NA,NA,Loss of function
351076.375,NA,350319.309,NA,NA,Loss of function
351289.382,NA,350143.234,NA,NA,Loss of function
351905.327,NA,350343.032,NA,NA,Loss of function
351996.78,NA,350173,NA,NA,Loss of function
352410.373,NA,350276.755,NA,NA,Loss of function
352183.159,NA,350196.296,NA,NA,Loss of function
352095.414,NA,350230.618,NA,NA,Loss of function
351260.215,NA,350146.46,NA,NA,Loss of function
351893.615,NA,350144.723,NA,NA,Loss of function
351231.887,NA,350091.614,NA,NA,Loss of function
352557.349,NA,350049.737,NA,NA,Loss of function
351770.817,NA,350045.958,NA,NA,Loss of function
351415.82,NA,350052.393,NA,NA,Loss of function
353007.595,NA,350058.583,NA,NA,Loss of function
351504.375,NA,350048.061,NA,NA,Loss of function
351449.459,NA,350077.531,NA,NA,Loss of function
351711.974,NA,350081.031,NA,NA,Loss of function
351341.378,NA,350078.456,NA,NA,Loss of function
351175.38,NA,350086.269,NA,NA,Loss of function
351427.747,NA,350053.992,NA,NA,Loss of function
353047.251,NA,350100.556,NA,NA,Loss of function
352613.912,NA,350093.257,NA,NA,Loss of function
353630.087,NA,350056.141,NA,NA,Loss of function
351739.77,NA,350130.296,NA,NA,Loss of function
352101.236,NA,350059.349,NA,NA,Loss of function
353837.823,NA,350052.625,NA,NA,Loss of function
351869.329,NA,353311.177,NA,NA,Loss of function
352955.993,NA,352685.214,NA,NA,Loss of function
352522.792,NA,353947.162,NA,NA,Loss of function
352687.726,NA,353538.979,NA,NA,Loss of function
351804.434,NA,353381.84,NA,NA,Loss of function
351797.599,NA,352197.474,NA,NA,Loss of function
351892.185,NA,354709.054,NA,NA,Loss of function
351835.214,NA,352608.916,NA,NA,Loss of function
351243.215,NA,354591.376,NA,NA,Loss of function
351039.315,NA,352868.995,NA,NA,Loss of function
351465.761,NA,354473.106,NA,NA,Loss of function
351315.874,NA,353513.603,NA,NA,Loss of function
350965.049,NA,352918.111,NA,NA,Loss of function
350778.652,NA,354716.227,NA,NA,Loss of function
350754.396,NA,352411.163,NA,NA,Loss of function
350769.942,NA,353136.736,NA,NA,Loss of function
351396.339,NA,352943.592,NA,NA,Loss of function
351211.564,NA,352869.387,NA,NA,Loss of function
350763.656,NA,358815.944,NA,NA,Loss of function
350707.969,NA,356049.489,NA,NA,Loss of function
350789.223,NA,354699.638,NA,NA,Loss of function
350956.982,NA,356399.107,NA,NA,Loss of function
350784.817,NA,355879.095,NA,NA,Loss of function
350748.605,NA,354998.76,NA,NA,Loss of function
350650.189,NA,354166.594,NA,NA,Loss of function
350687.814,NA,357560.067,NA,NA,Loss of function
350828.908,NA,356731.913,NA,NA,Loss of function
350715.962,NA,358495.907,NA,NA,Loss of function
350598.985,NA,358815.907,NA,NA,Loss of function
350379.537,NA,354123.448,NA,NA,Loss of function
350392.246,NA,356430.523,NA,NA,Loss of function
351856.525,NA,356154.523,NA,NA,Loss of function
351344.823,NA,356264.044,NA,NA,Loss of function
353075.844,NA,356500.832,NA,NA,Loss of function
352194.417,NA,359195.703,NA,NA,Loss of function
352637.62,NA,355757.108,NA,NA,Loss of function
351927.161,NA,354965.801,NA,NA,Loss of function
351390.927,NA,355209.345,NA,NA,Loss of function
351312.139,NA,354412.91,NA,NA,Loss of function
351477.983,NA,353789.109,NA,NA,Loss of function
351619.016,NA,358596.688,NA,NA,Loss of function
351467.585,NA,357397.14,NA,NA,Loss of function
351991.278,NA,354010.138,NA,NA,Loss of function
351956.658,NA,355838.593,NA,NA,Loss of function
351631.938,NA,354944.104,NA,NA,Loss of function
352239.154,NA,352716.804,NA,NA,Loss of function
351160.469,NA,354392.46,NA,NA,Loss of function
351332.718,NA,353893.014,NA,NA,Loss of function
352079.881,NA,351940.77,NA,NA,Loss of function
351348.029,NA,353122.771,NA,NA,Loss of function
351458.487,NA,352098.256,NA,NA,Loss of function
353071.524,NA,353226.496,NA,NA,Loss of function
352760.146,NA,353992.34,NA,NA,Loss of function
353229.198,NA,352510.655,NA,NA,Loss of function
353019.949,NA,352131.849,NA,NA,Loss of function
352982.552,NA,352747.744,NA,NA,Loss of function
351871.559,NA,352507.146,NA,NA,Loss of function
352690.599,NA,353135.994,NA,NA,Loss of function
353272.944,NA,352324.933,NA,NA,Loss of function
353318.693,NA,352268.341,NA,NA,Loss of function
353095.103,NA,353863.725,NA,NA,Loss of function
352424.785,NA,353804.19,NA,NA,Loss of function
352057.61,NA,351783.062,NA,NA,Loss of function
352041.241,NA,352210.368,NA,NA,Loss of function
352936.316,NA,354203.068,NA,NA,Loss of function
351796.486,NA,352876.886,NA,NA,Loss of function
352620.094,NA,353278.199,NA,NA,Loss of function
352441.174,NA,352158.717,NA,NA,Loss of function
352154.039,NA,351835.398,NA,NA,Loss of function
353053.693,NA,352126.477,NA,NA,Loss of function
352500.302,NA,351884.13,NA,NA,Loss of function
352043.141,NA,354882.446,NA,NA,Loss of function
351648.387,NA,355024.603,NA,NA,Loss of function
352398.662,NA,355459.173,NA,NA,Loss of function
351776.47,NA,354409.72,NA,NA,Loss of function
351448.178,NA,354847.088,NA,NA,Loss of function
352009.186,NA,355844.305,NA,NA,Loss of function
351574.301,NA,355313.26,NA,NA,Loss of function
352078.494,NA,353630.812,NA,NA,Loss of function
352990.046,NA,356747.6,NA,NA,Loss of function
351342.118,NA,358884.038,NA,NA,Loss of function
351505.799,NA,355673.093,NA,NA,Loss of function
351214.335,NA,357262.499,NA,NA,Loss of function
351569.529,NA,356130.957,NA,NA,Loss of function
352458.204,NA,358161.774,NA,NA,Loss of function
351695.288,NA,356238.222,NA,NA,Loss of function
351579.495,NA,358707.249,NA,NA,Loss of function
351475.126,NA,354320.974,NA,NA,Loss of function
351248.957,NA,355140.296,NA,NA,Loss of function
351443.72,NA,357238.352,NA,NA,Loss of function
351073.277,NA,355600.461,NA,NA,Loss of function
350545.435,NA,354834.474,NA,NA,Loss of function
350495.213,NA,357007.81,NA,NA,Loss of function
350470.854,NA,359014.406,NA,NA,Loss of function
350569.678,NA,358514.308,NA,NA,Loss of function
350637.753,NA,354584.929,NA,NA,Loss of function
350400.354,NA,354789.759,NA,NA,Loss of function
351029.678,NA,355678.327,NA,NA,Loss of function
350706.034,NA,359918.606,NA,NA,Loss of function
350449.929,NA,356305.569,NA,NA,Loss of function
350456.948,NA,355856.594,NA,NA,Loss of function
350491.683,NA,360977.607,NA,NA,Loss of function
350482.288,NA,355951.262,NA,NA,Loss of function
350391.344,NA,354502.21,NA,NA,Loss of function
350498.565,NA,355395.781,NA,NA,Loss of function
350491.958,NA,359598.866,NA,NA,Loss of function
350748.199,NA,355509.203,NA,NA,Loss of function
353849.845,NA,356600.776,NA,NA,Loss of function
352517.188,NA,356573.833,NA,NA,Loss of function
352233.568,NA,354976.441,NA,NA,Loss of function
352347.64,NA,357252.243,NA,NA,Loss of function
353988.904,NA,354764.526,NA,NA,Loss of function
351964.595,NA,358902.463,NA,NA,Loss of function
352502.297,NA,356937.859,NA,NA,Loss of function
352757.232,NA,354496.562,NA,NA,Loss of function
353323.337,NA,358943.217,NA,NA,Loss of function
352571.7,NA,356686.638,NA,NA,Loss of function
353070.115,NA,359444.269,NA,NA,Loss of function
351879.361,NA,356897.744,NA,NA,Loss of function
352261.954,NA,358414.76,NA,NA,Loss of function
351883.824,NA,355526.186,NA,NA,Loss of function
352602.697,NA,356301.043,NA,NA,Loss of function
353179.882,NA,355919.498,NA,NA,Loss of function
351293.361,NA,358041.323,NA,NA,Loss of function
351292.618,NA,355178.255,NA,NA,Loss of function
351319.569,NA,356699.687,NA,NA,Loss of function
350975.439,NA,358452.634,NA,NA,Loss of function
351118.606,NA,354475.746,NA,NA,Loss of function
351421.141,NA,354360.031,NA,NA,Loss of function
350985.7,NA,355071.779,NA,NA,Loss of function
351757.968,NA,359291.899,NA,NA,Loss of function
351336.05,NA,354126.406,NA,NA,Loss of function
351691.523,NA,354784.091,NA,NA,Loss of function
351156.086,NA,358707.087,NA,NA,Loss of function
351138.338,NA,355737.84,NA,NA,Loss of function
351374.216,NA,354185.211,NA,NA,Loss of function
350894.454,NA,356742.372,NA,NA,Loss of function
350886.257,NA,354932.877,NA,NA,Loss of function
351521.769,NA,355070.713,NA,NA,Loss of function
350843.653,NA,354761.478,NA,NA,Loss of function
350833.554,NA,358146.904,NA,NA,Loss of function
351068.324,NA,355666.731,NA,NA,Loss of function
351516.594,NA,355565.56,NA,NA,Loss of function
350811.461,NA,357843.762,NA,NA,Loss of function
350817.992,NA,354461.974,NA,NA,Loss of function
351471.66,NA,354985.636,NA,NA,Loss of function
351066.896,NA,354788.829,NA,NA,Loss of function
350993.82,NA,357457.659,NA,NA,Loss of function
350821.438,NA,356219.479,NA,NA,Loss of function
350816.175,NA,353567.036,NA,NA,Loss of function
350950.215,NA,353695.312,NA,NA,Loss of function
350967.725,NA,355300.734,NA,NA,Loss of function
350850.43,NA,354925.608,NA,NA,Loss of function
353369.888,NA,353763.74,NA,NA,Loss of function
353066.713,NA,356390.235,NA,NA,Loss of function
353877.545,NA,353191.531,NA,NA,Loss of function
352595.036,NA,353813.32,NA,NA,Loss of function
353735.836,NA,356842.902,NA,NA,Loss of function
354489.539,NA,353974.028,NA,NA,Loss of function
354718.406,NA,353640.141,NA,NA,Loss of function
353479.102,NA,353897.91,NA,NA,Loss of function
353571.734,NA,353451.562,NA,NA,Loss of function
354019.531,NA,353687.159,NA,NA,Loss of function
352842.726,NA,354518.942,NA,NA,Loss of function
352204.077,NA,357531.331,NA,NA,Loss of function
353880.29,NA,355927.409,NA,NA,Loss of function
352646.007,NA,354795.633,NA,NA,Loss of function
352163.69,NA,355745.942,NA,NA,Loss of function
353947.109,NA,359576.366,NA,NA,Loss of function
354213.469,NA,354746.18,NA,NA,Loss of function
353702.874,NA,358007.324,NA,NA,Loss of function
353629.032,NA,356226.584,NA,NA,Loss of function
353196.069,NA,353362.547,NA,NA,Loss of function
353246.911,NA,354803.744,NA,NA,Loss of function
353848.792,NA,354302.156,NA,NA,Loss of function
353237.288,NA,353691.859,NA,NA,Loss of function
354752.177,NA,353207.167,NA,NA,Loss of function
353238.808,NA,357921.601,NA,NA,Loss of function
354545.576,NA,355989.689,NA,NA,Loss of function
352697.215,NA,354652.207,NA,NA,Loss of function
352597.991,NA,355052.388,NA,NA,Loss of function
352475.938,NA,354252.899,NA,NA,Loss of function
353678.959,NA,353546.031,NA,NA,Loss of function
352929.68,NA,354580.873,NA,NA,Loss of function
352783.193,NA,354823.069,NA,NA,Loss of function
354836.942,NA,353697.401,NA,NA,Loss of function
353697.3,NA,353834.03,NA,NA,Loss of function
355302.726,NA,354140.702,NA,NA,Loss of function
354412.576,NA,352814.35,NA,NA,Loss of function
352451.792,NA,352532.795,NA,NA,Loss of function
355897.442,NA,351939,NA,NA,Loss of function
352822.614,NA,353108.812,NA,NA,Loss of function
350801.898,NA,353100.819,NA,NA,Loss of function
351060.22,NA,352943.138,NA,NA,Loss of function
350753.023,NA,353781.456,NA,NA,Loss of function
350998.309,NA,353237.862,NA,NA,Loss of function
351037.765,NA,352546.58,NA,NA,Loss of function
351009.502,NA,353147.575,NA,NA,Loss of function
351292.563,NA,354412.01,NA,NA,Loss of function
350769.267,NA,351989.742,NA,NA,Loss of function
350721.049,NA,352185.428,NA,NA,Loss of function
350618.039,NA,352402.589,NA,NA,Loss of function
351260.78,NA,353214.433,NA,NA,Loss of function
350732.53,NA,352210.454,NA,NA,Loss of function
351074.375,NA,354113.097,NA,NA,Loss of function
351320.437,NA,352150.972,NA,NA,Loss of function
352609.029,NA,352090.878,NA,NA,Loss of function
354996.164,NA,352278.205,NA,NA,Loss of function
353015.171,NA,352321.958,NA,NA,Loss of function
352638.938,NA,352111.066,NA,NA,Loss of function
352126.695,NA,352068.284,NA,NA,Loss of function
352276.654,NA,352237.993,NA,NA,Loss of function
352943.195,NA,352209.364,NA,NA,Loss of function
353193.606,NA,352492.209,NA,NA,Loss of function
352927.041,NA,355493.303,NA,NA,Loss of function
353021.323,NA,352696.58,NA,NA,Loss of function
352020.165,NA,353004.329,NA,NA,Loss of function
353376.642,NA,354452.418,NA,NA,Loss of function
352089.113,NA,353225.944,NA,NA,Loss of function
353139.166,NA,353794.985,NA,NA,Loss of function
352498.994,NA,352665.448,NA,NA,Loss of function
351941.594,NA,353149.59,NA,NA,Loss of function
352257.449,NA,354890.014,NA,NA,Loss of function
352008.326,NA,355583.53,NA,NA,Loss of function
352083.645,NA,352422.531,NA,NA,Loss of function
352010.159,NA,353837.691,NA,NA,Loss of function
355449.685,NA,353771.751,NA,NA,Loss of function
354633.98,NA,353084.983,NA,NA,Loss of function
353044.347,NA,352609.649,NA,NA,Loss of function
354389.233,NA,353010.445,NA,NA,Loss of function
353574.516,NA,354985.363,NA,NA,Loss of function
353539.915,NA,353518.262,NA,NA,Loss of function
352881.244,NA,352648.347,NA,NA,Loss of function
352953.311,NA,355917.431,NA,NA,Loss of function
354457.798,NA,353669.693,NA,NA,Loss of function
353251.106,NA,353053.447,NA,NA,Loss of function
353497.69,NA,354069.04,NA,NA,Loss of function
353965.199,NA,353966.864,NA,NA,Loss of function
352611.804,NA,355525.402,NA,NA,Loss of function
352463.803,NA,353489.063,NA,NA,Loss of function
353066.603,NA,353367.775,NA,NA,Loss of function
354969.143,NA,352460.219,NA,NA,Loss of function
352219,NA,354513.039,NA,NA,Loss of function
356657.621,NA,353723.113,NA,NA,Loss of function
355459.591,NA,353256.391,NA,NA,Loss of function
355570.107,NA,352628.174,NA,NA,Loss of function
356283.134,NA,352511.281,NA,NA,Loss of function
354019.783,NA,353929.979,NA,NA,Loss of function
353454.906,NA,354192.671,NA,NA,Loss of function
357509.356,NA,354326.961,NA,NA,Loss of function
354685.377,NA,355964.806,NA,NA,Loss of function
356886.306,NA,353866.72,NA,NA,Loss of function
354651.631,NA,354864.522,NA,NA,Loss of function
356700.818,NA,355898.509,NA,NA,Loss of function
356856.874,NA,353357.226,NA,NA,Loss of function
357404.161,NA,353000.058,NA,NA,Loss of function
354480.509,NA,352661.993,NA,NA,Loss of function
355462.122,NA,353155.258,NA,NA,Loss of function
356615.856,NA,353579.682,NA,NA,Loss of function
356619.473,NA,353307.417,NA,NA,Loss of function
354133.261,NA,353465.46,NA,NA,Loss of function
353636.548,NA,353047.024,NA,NA,Loss of function
354945.971,NA,355205.273,NA,NA,Loss of function
354159.7,NA,352532.094,NA,NA,Loss of function
353070.257,NA,355809.586,NA,NA,Loss of function
352405.368,NA,355394.369,NA,NA,Loss of function
352341.281,NA,356988.027,NA,NA,Loss of function
350489.133,NA,357948.297,NA,NA,Loss of function
350758.587,NA,355707.602,NA,NA,Loss of function
352969.876,NA,355559.826,NA,NA,Loss of function
352407.403,NA,356790.972,NA,NA,Loss of function
354191.063,NA,358819.336,NA,NA,Loss of function
350682.443,NA,354341.804,NA,NA,Loss of function
351928.848,NA,356166.271,NA,NA,Loss of function
352307.207,NA,356776.479,NA,NA,Loss of function
354111.09,NA,355412.804,NA,NA,Loss of function
354087.491,NA,357546.91,NA,NA,Loss of function
353657.48,NA,356029.734,NA,NA,Loss of function
351065.028,NA,355138.639,NA,NA,Loss of function
351852.716,NA,357813.566,NA,NA,Loss of function
354822.827,NA,354634.897,NA,NA,Loss of function
353516.477,NA,357775.6,NA,NA,Loss of function
NA,NA,360293.829,NA,NA,Loss of function
NA,NA,354034.664,NA,NA,Loss of function
NA,NA,356568.524,NA,NA,Loss of function
NA,NA,357156.943,NA,NA,Loss of function
NA,NA,355383.894,NA,NA,Loss of function
NA,NA,358454.624,NA,NA,Loss of function
NA,NA,354698.95,NA,NA,Loss of function
NA,NA,355692.789,NA,NA,Loss of function
NA,NA,356358.599,NA,NA,Loss of function
NA,NA,354456.99,NA,NA,Loss of function
NA,NA,353937.366,NA,NA,Loss of function
NA,NA,354557.704,NA,NA,Loss of function
NA,NA,355069.637,NA,NA,Loss of function
NA,NA,354254.893,NA,NA,Loss of function
NA,NA,357790.568,NA,NA,Loss of function
NA,NA,356107.81,NA,NA,Loss of function
NA,NA,357078.444,NA,NA,Loss of function
NA,NA,354941.481,NA,NA,Loss of function
NA,NA,355284.838,NA,NA,Loss of function
NA,NA,359050.945,NA,NA,Loss of function
NA,NA,353893.879,NA,NA,Loss of function
NA,NA,358760.427,NA,NA,Loss of function
NA,NA,354049.252,NA,NA,Loss of function
NA,NA,354807.41,NA,NA,Loss of function
NA,NA,353982.231,NA,NA,Loss of function
NA,NA,355516.684,NA,NA,Loss of function
NA,NA,355002.129,NA,NA,Loss of function
NA,NA,356810.271,NA,NA,Loss of function
NA,NA,354897.419,NA,NA,Loss of function
NA,NA,353401.964,NA,NA,Loss of function
NA,NA,355973.826,NA,NA,Loss of function
NA,NA,353364.259,NA,NA,Loss of function
NA,NA,353217.188,NA,NA,Loss of function
NA,NA,353411.902,NA,NA,Loss of function
NA,NA,353960.119,NA,NA,Loss of function
NA,NA,354328.789,NA,NA,Loss of function
NA,NA,355969.074,NA,NA,Loss of function